x,y,z
-0.04622617054477601,4.038278988544936,10.162147475482112
2.141650793516864,-6.074790588944153,0.9115313985780015
-2.840540835428101,4.276269558591572,8.579219287959443
1.4661702391741318,-4.936361514967531,4.23339648764398
3.623664597192849,-5.154120795665585,0.22942999663165684
-3.4671915927677506,-2.1109308580254917,1.553932759933183
-0.4642011726285355,-1.648178824934111,2.629514572282037
-4.331945123109557,-2.045111719552134,0.6625891249644205
0.304544730941314,2.9221025140544254,6.3051794806556645
0.5690834351859269,1.5950579719557132,3.607493188610162
2.010195487338307,-5.7078562733238325,0.29486799951854376
2.96394814684947,4.369551098325748,9.434368714840337
-1.8814633810157815,-2.1217202677565363,6.256842158632021
1.0440062909412868,-3.4121687694100578,3.119034357387419
-2.463280923529061,4.952059606951227,8.841797670509052
0.9296351624385608,-2.507004949485862,2.4790866426678253
0.9826434563873738,-3.435402565407555,4.50050885111625
2.1156908345990773,3.887690957426494,9.269397064643837
0.8416880054819051,4.684519264782448,9.77422901349136
-4.2658740636396955,-3.2611847372989113,0.91735525927576
-0.8841937856879991,-1.1533047819135462,3.2911816918016426
-1.8864110989310863,-1.7469680931528802,2.158142963800814
-1.3148183069982764,3.8978438585601634,8.141386376036092
3.740185204684741,3.276451148006214,7.489799649334314
-2.7793459515864725,3.9940202018035795,9.478446671594282
1.770334057605666,3.2936211380492675,6.9941754953777595
-1.4821669271498639,-2.407042763872467,7.522380385355943
1.1812499058443346,-1.8486839900922591,1.4058239208027898
-1.4322050167203844,-1.9659022255234402,3.138404912492193
1.139454565002244,4.71235890510759,8.1940156157485
-1.769251296291378,2.5183554193597817,7.522647045562725
-0.2558084307851852,2.5944761928145343,6.073153017157546
0.3297154369463739,-0.38288238131334895,2.2914777929978936
-4.428980021230428,-3.014127537661416,1.347740287923002
-1.6624800482867883,0.13894809286089785,5.5296836048734015
-2.4136849626511423,-0.24174534291340555,5.025441144241121
-3.2752666621723354,-3.5762340488255044,0.6318646174416155
-1.906054899923912,4.1012877391896,10.134194143500286
0.9377031638274805,3.926559517956329,8.734718188129039
-1.1297415761483214,4.9139973204434755,9.921325935558992
1.6885916208206881,4.514873142887124,8.06520615760745
-4.690433368783046,-2.38269616237713,0.5088102966630584
1.467106150993537,5.131721205815079,8.049788728746815
-0.25839784980206304,-0.3167641318146882,2.6066740440168803
-3.2422367203412317,-0.9828538211636546,7.510786321390845
-1.4010268449799268,0.20887367624695297,4.499320417158418
-0.7553212692143569,4.557455414441563,9.54164833148321
-3.0629063288265006,-1.0255477025388982,1.2589559644707378
0.40779187007250967,-4.190274261654418,3.5248266834529227
1.8796558710680116,-5.677692191458233,1.3457782069520905
4.07617408340347,-4.824512044853328,-0.050738625629612996
0.5270565691338779,5.394137513756207,9.509849691499715
1.0954813444840414,3.5623080543916523,6.095800956100082
1.4339616397009614,-1.7930477734195334,3.195363532527216
0.9253164434602588,1.504999060258904,4.165426072783982
2.357859856503618,-4.127356319328378,0.6150904189268749
-2.7307588250488473,0.1791473499335459,5.6363898487341775
-6.385102325986525,-2.2400149445414494,1.0774788398017305
1.5914951046563997,-3.3534216445413008,3.2859155461162026
0.16650785950745484,5.417153542198202,8.600754927355695
-2.1571569526230334,-1.5683545750228887,7.609770625650186
2.5248140218418875,-2.4165233119019662,3.659327179389615
2.368590691353339,1.250812681855672,4.5623376913923055
-2.7650362283382535,-1.8912866204082959,7.596686167195304
2.4439287200373245,1.3339390270943403,5.4128954401551646
-1.096099752967902,2.623726674354064,6.109731428901541
2.866278071059564,3.4027507119970113,6.700541235321215
-3.0119553424165084,-1.522750764127531,7.193938159468457
2.0237594382919073,-6.580058758593414,-0.556739867979714
2.1545516449871673,-6.874886602040482,-0.011885594151628591
0.4020837218579548,1.492400145449245,5.4921497567128235
-1.7768474814455295,2.5828219996787425,5.2319736597382445
-1.3956263443376975,2.2775144996298886,5.666611814671382
2.508638833558084,2.432478873148942,5.545525245605117
-4.975660206667226,-2.0483647553499553,0.9614941308819615
-1.1970663138342859,5.582821159158263,9.487030356446429
2.673380788303826,1.5463603428855286,6.320149100122698
0.21030997535686144,0.6442623000091452,3.878941217951207
-2.0412910284871844,2.3738336493759213,5.836534550843089
-6.179774820855913,-1.6643251162412411,1.4357296009108163
2.770656876328408,3.683221090088166,9.531697135422737
-2.4353717783767515,-2.5046407918331814,7.934685138309057
-0.23019536925676676,4.788177212522038,10.411196361241132
2.2248545989108894,-2.564084631315353,2.5256140488467906
3.2112785481535084,-4.24357649370479,0.3926600501407327
1.2949657423824295,5.302274046482963,10.691497100363113
1.3482793204066437,-3.949725487249473,2.3539661114352337
3.9602344590299094,-5.231299510282173,1.427418741391066
3.4223252737570324,2.62549997964239,6.440125541163894
1.2019855880242356,-1.9541751734701733,2.8009147410089295
2.501223236760074,2.981610119382981,7.05799691569021
3.2816010922354257,0.8270854918493958,4.555596243615065
2.207724120824754,1.7641807995123793,6.500473259381396
1.2467362326846454,4.453845922803451,9.006188156972188
0.17994242176784175,-3.4657331678293364,3.7586707965064794
-5.083540730585782,-1.8465027545734471,2.4280852474463805
-1.8325319569170258,1.1698439996905354,4.038517766311588
-1.9780701543932497,4.058166652350629,7.493460170095764
-2.6074093264448037,-0.4467544937762333,5.52959343097103
-2.425097279977697,1.247135441402464,5.147272186691463
-4.861108166559077,-1.2968550089927808,2.271718789658344
1.3053744556462088,2.266337179933361,6.996984683894264
0.21542416335868525,-1.5921633494266074,3.2537854886778157
-3.8342629019770484,-1.5014261649589042,0.9368623272154375
-2.187719476300158,4.601347773807755,10.357968911745596
1.4860977969766165,-0.5858028799042774,2.3048490317454493
-3.584287575166995,-2.29687580985975,2.1840625750183102
1.0985928477574514,1.953247097829597,5.150145957718808
3.4664176991838898,2.839409811155177,7.70808135255065
0.8753904670468897,-0.6280312160160536,2.0444497185174186
-0.23950001219164843,3.066670434575242,6.433948408349259
-5.381631916744853,-3.2832630982157602,0.2500726760736089
2.8861361803066194,2.9004976982230324,5.340629646029263
-4.306894087813638,-1.737434395304847,1.997796184599288
-3.9059287161981646,-1.4965401114066283,1.509985729433478
0.514918274870187,2.840587561727559,5.1424713959367505
-0.39360984056086346,1.2869223505819904,5.260658638843956
1.8394157210438287,2.437959664028484,4.554951667512579
-5.406708515077936,-0.9784102177389099,0.9833905695338878
0.8421902434539054,4.793856906882619,10.775226639279936
-0.5527853871139106,1.9238865745708587,5.340707189133153
0.753427855229644,4.366885061535052,10.298184607069151
2.6387656286269623,4.481689059885849,7.368290832771654
-5.560563591182456,-3.1513484801957907,-0.4968240785186806
-5.793412952082528,-1.2761758128965297,1.4416959525799704
-0.39322476725697314,4.465327044196999,8.352916776616238
3.0155679054879334,-4.413535184924369,-0.3974688268281212
1.3672211490669361,1.029218050631635,5.745549538303525
1.8902253895079515,3.0340579795704437,7.568749555598305
-1.6080275773558919,3.0096392182164444,7.233256770978817
2.6541334822240406,0.5671290258681314,4.00692972084557
1.8228714549630618,-1.573921828272268,4.876564324735702
2.3558632580213406,0.2123474817214801,5.9625089596749685
2.187451894007295,-4.095761690045466,4.392279340494403
0.5551019198808785,3.582153792784209,7.16481681610211
2.9892465643195796,-5.34982654914572,0.18447971668749688
3.793644231378333,-5.834106725139573,0.388777949898246
2.634485257253298,4.587006743423797,8.71105751521962
0.8817297887947565,-0.644116194675691,2.5947851274316625
-1.3435149330280631,1.7326664074795912,5.504093433653225
1.5776893007125419,3.81763139694783,7.184478209475675
1.1085276249938472,-4.503385853242761,2.5904948733169615
0.3320945906933001,4.896056431355555,8.29675557237969
-2.7265527823488895,-1.3220181837116722,6.695519947005607
2.1114870862663397,-6.3921398388873065,0.27796497232469536
2.0932515620599537,-4.418730043203116,3.3270889131944266
2.546110482852442,-6.168122595667793,0.2721057958977893
3.0121836309648105,-1.5333380407213268,3.3280571847527702
2.703178735140352,3.943054369310237,8.877964238934608
1.6883702052878247,-1.7144419059593587,2.433643612738451
1.8713082889764963,0.7676158708806337,4.139540587060146
3.5305547371094246,-5.025717317161103,1.266094787543391
-6.355542224686411,-1.832403100791227,0.6042003386286529
-4.07647041797455,-3.0483463244625937,1.9288402814465808
2.443223458609942,0.7791472558838859,6.289923539461979
-1.5426139804631784,-1.3423056753700109,6.600994436283799
-0.626993046271238,5.448061172028861,9.654507272760657
3.0288205516389075,-4.450011723422911,3.85540932394397
0.8605881143477867,6.1963101052801735,8.948039478085558
0.9170249235184708,5.755826972137625,10.0916158393835
0.8975833712835879,1.4037855540521078,6.055807534252537
1.142651677096438,0.5759189366536943,5.290185433646156
-3.8651179727165985,-0.8956081411268364,7.049793810042631
2.1764286284944636,2.2370484361662513,5.6917571703864285
-2.9854015223685244,-2.4518087504436896,0.9709057473880573
-0.16630142388527386,0.9978560563375296,3.743627664310417
2.6137739646965934,4.801131693372307,9.68538779098104
0.9107548646262298,-2.0889270447350783,3.6591560324570778
1.6741124850240423,-3.7060416374986827,4.280182148518668
2.2509592428946235,4.493785556895761,9.196874376201615
0.9786936666601715,-1.0604585984858415,4.701356423091183
3.1439898274680513,-5.771620358838597,-0.8148919156935479
-0.6356354279410256,3.540764309945461,9.859991097893737
-2.27554003004819,0.7027064937276621,4.902145819604688
2.9358712380215293,3.1792331302446186,7.933749712756172
-0.49055342778708727,-0.001041350236099279,3.103269102339992
-2.514432192489864,3.351378044598691,9.36082441774322
3.069963001447769,4.887653964835561,9.12653268835565
1.972496340302498,4.527655109183252,8.580516094131488
-4.31665064600716,-1.415405491260944,0.9838240801211349
2.45965626061369,1.9092947415959158,5.220199539627727
1.6033541078389266,1.6559337291775216,5.5903531816399195
-2.270754129905493,1.6586026160360252,6.739890624099782
2.2559037205350667,0.8332500738357704,5.614635483500905
0.06846358565222928,0.18465717822300118,4.990678830227172
0.6288604155745597,-5.394864123017059,0.4068435924596772
1.877157465097505,1.171383860886591,5.564549942102575
-5.030053288929338,-3.370509175184277,-0.2359310520166072
-0.5741110002424092,1.0380408703176391,4.817323989528565
0.03448054927467237,5.174794519361721,9.878786081348572
0.2973557895252238,3.4701460007992555,5.942792576743795
1.0324429957851746,2.6090147238425687,8.417641263972149
-1.6801392898935108,4.88723414502261,9.316478943374937
-1.9870691002214897,-0.4782030780049576,5.424977882893644
0.08731276769470553,-1.539247199031519,2.6878583670769802
-4.572356764275726,-3.8546145029854415,0.6975103298995935
-5.048326942280546,-2.8148907091930706,0.11703103767522588
1.5728311933740022,-4.256262928970644,0.9372314185678764
3.2570637624450076,0.4513521720935017,5.023631484746487
-5.143350989432152,-2.713025180826585,-0.46921325686519155
-5.257019759663292,-2.3392962005235955,0.9775519875118137
-5.071242586560653,-2.896962275652029,1.3226790961231352
-3.677421616407355,-1.5726984843878082,2.0475562934003038
1.6681397252186003,-5.07883688525402,3.28445064490835
1.0019302392078298,-4.606925384923,4.139576178538057
3.9869975073170054,-6.074674727714447,-0.03931416304780942
1.6946018236775888,2.846184562033845,6.551557299367576
-3.4508921389809086,-1.056969480515428,1.7986420775904628
0.7904528223761509,-1.5308350716565335,2.492041494368215
2.7518789894166873,-6.264662837005947,0.9043110610058
0.8659802709065784,4.487859883320241,8.63250865560102
1.334529856147135,-4.84900755676498,1.9022680043662046
0.44000728876993267,-2.6705980660545356,1.4628969349189123
0.8031603407326431,-5.6009908325306785,1.5303622870718967
-4.585633003650938,-1.7389588521240777,0.1711908028106811
3.1620657729890955,1.4436241314252796,5.397676696996503
1.4670895509733037,1.127730180487601,3.2508169930895447
-0.00018861269645979728,0.7420465600058292,4.888581647075625
0.8267968217732456,-5.0044316967405065,1.5366573314444598
-0.2539816159162047,1.305307287323871,5.925348888428332
0.053126734534939296,5.33983667141328,10.489091206843288
-4.31842424651766,-2.9425526297450504,0.2971435863534685
-3.843499220490243,-2.4640116531095906,0.32049501369330097
-2.0670870638537817,-2.159792697092776,7.4236979258556595
-4.647939299068724,-1.2005829592619968,1.6049165217102865
4.03208117169902,-6.1331057368558115,0.7200408781281179
3.367606399755594,3.1233332017005444,8.644116336811845
-2.987243908465193,-2.448431893996298,2.006625551468036
3.6640067343370304,1.6610845280666737,4.820346835612674
-0.3561518509841345,2.8324863713628234,8.345742518660492
-1.5174156271787616,-0.788216749293861,2.4894046166278496
-2.9894563296036916,-3.1437091841594103,1.8853882038050278
-1.3251740324058043,0.7954559872724908,4.2872734398683665
-0.21045899744385752,0.6858767262236635,2.912342730985009
-3.0026931542934383,-3.225036566485768,0.2825229805562175
2.369761695195737,-1.6021562611940752,4.548975584744032
-1.6639964695849438,1.8752955914181038,5.944502707683448
0.42594996443106925,-0.4042780445144373,3.0864355420504332
-0.7254258483628951,4.307429009730961,8.998267414330629
3.1644868029889826,-3.8468107705037764,3.629575529051024
4.06092138972011,-5.427874233791276,-0.10207448565274856
1.8159781686235676,0.7748058757311003,6.194142668307636
-1.265410691563931,3.6026238131695547,8.643240012416852
-2.6577029918479984,-1.0487709960089697,7.194339709781889
1.1835180879624534,0.25054481757528213,4.1661589439446765
2.189653693773586,-0.9941938137549733,4.8931032410193
-0.370392083403311,-0.9893292271717133,1.7154350424560953
-0.714196742548938,2.941882785697518,9.520149396675338
-0.9248952234375942,4.989436554314216,9.385985202177018
0.6277004100251047,5.3973589766929715,10.705541701131319
-1.7497631182151592,4.336680578818794,9.55500883639528
-2.0969519241071337,-1.5774463319345924,6.536524737247016
1.1385476856317807,0.24467177552711436,5.734654028477383
2.7192728608266994,-4.539161766087238,0.6968186961353264
-0.4247326781905316,3.3910825279627126,7.732526992145115
0.7153127513081283,2.30044492638217,6.697003314542344
-0.027295796730053695,4.582768174875762,7.900329763629671
3.181672545454202,-4.983884212288269,0.683151144629005
3.0820904918557424,-5.682858715025999,0.49014336027463146
0.8839665694768271,2.4188580383015177,6.221342444024982
1.2052035748930876,1.0647508250993833,5.243324387965274
-1.7260562758814149,-1.764129241736037,7.042201124678662
0.29876327797481705,-0.9883307194474789,3.326150154065513
2.6949301076549483,-3.929261326407873,2.4939869408614905
-0.03474295944399327,1.6051527216731818,3.849513412589009
2.5062693812129626,5.0911796178867466,9.16584470178317
1.3079150935623765,3.8599532164383508,9.06808937689992
-2.661817300144816,0.7543175864973268,5.3965177441696515
0.38402019598357146,2.541333997673608,8.345892585965542
2.149471823227574,0.7699921253153543,4.4342008447220715
3.1834975917250836,4.340634255501671,7.16038017350721
2.843022386333729,4.1455076132104125,8.285854294888678
0.8100280602687806,-1.4667910162985853,1.8152519951524069
-0.18015366253701867,4.011640555024483,7.5957419958491075
-1.4692700430251835,-1.4855390565296618,2.2999403478356593
2.658672614758423,-1.570833640774574,2.8571266187147737
1.4973371243682578,-0.5915511659528636,3.370911663242924
1.0081574182760662,-5.220176639497497,0.9478580382158366
0.27980571576461266,-0.5659848290424043,4.854543639926404
-1.2025795158743324,0.5770743367681073,5.376757366076932
-5.958817558754534,-1.5024239129508983,2.0245541972267524
3.5620205402914387,-5.586272166341551,0.9642174749351345
-1.7487332756913307,5.362354759906701,9.902227645568233
1.4105174830919676,-4.5511000279216,3.1699397894493355
-1.3404883547245767,4.729007429913147,8.857062756552798
-3.8673800206318,-3.0215186804935303,1.1597143536672416
1.162933505636522,-4.914853697270681,3.7194694498674474
0.1261143748787248,0.5226737840847171,3.4224955645990995
-0.4289834978049822,0.4048377869081965,4.065242251195953
-2.2159998736084323,2.949371177884125,9.12054089830595
-1.078576360531007,-1.7658274606015183,2.574337938279036
1.0160875565629128,-6.2766579875892035,1.4197284636833236
1.1669366296380066,2.5810213541475937,4.647829695599219
-2.5025413661418807,-2.104452483901389,2.006475250275797
-3.6901398476483105,-1.4675498889497842,7.215573818829439
-2.0218918006030178,0.810211483814327,5.480874237765226
-4.003621944167431,-1.9358399545074856,2.384955821854462
2.347183476124346,4.022303772634193,7.846326292699385
2.1709702922131213,-4.201752713945038,1.1912272248116496
3.3995919949707374,-6.341943565105238,-0.29973194753211274
-4.8113401287629305,-2.953117069786938,0.8586107652325452
0.7831174746717698,-0.435925645121166,4.311069364763609
1.8272435084012513,-1.137898756075725,2.467742145980926
-0.5394306569128986,1.2592276080468177,4.181137549094802
0.993021133616151,-0.7183735903837585,3.2640199607175946
-1.3618104915830687,-1.3084151049843864,7.215891485453489
2.0039016230271685,-3.821980317209207,3.8029431122844954
0.24245839877241326,3.8684133377019294,8.647143715875611
1.4798345892136031,-5.935026425373492,1.7360587832699728
0.5676799494489831,2.425460154770267,4.5754081321156015
-2.678905146133856,3.2211990523410763,8.651169920504426
0.9887127481284643,-4.5887129392136705,0.7872407278931135
-1.9538055942956702,4.937769158003972,8.08252132621853
0.69453104076143,-2.8899247062144897,2.0186491261248904
1.1152569943776973,3.966043639732511,7.331583879313796
-3.8109074759405193,-1.0695621174880898,7.711402301136914
2.2437087108205,1.8148474858841834,5.6209798872336725
1.5081294925307704,-3.1836597183806252,4.545618795678049
-0.3805912773019008,-1.105177216885738,2.416235317002518
-5.109340366210833,-2.428169553900878,2.1338541290312274
-5.290776695842298,-1.3138682395749535,1.849223851389196
-0.27604058559903266,-2.2043849596748037,1.9981488670202714
1.1749647948833837,-2.3130158631024678,2.9968864262666957
-0.048050121887066644,1.07779178310445,6.512994103510671
2.6768114075489495,-5.71200003451827,0.6262615959399735
-2.3355857836698513,1.252624440983074,4.551569260724818
0.3862874580032529,1.0539120731502392,3.9235939575281034
3.0134707310904894,-6.220741029333494,0.3085669184632151
1.914992516511349,-0.1631762607812404,4.800106553450618
-0.3449831648687104,-1.5579096301312154,3.5377088082149584
1.590700887685056,1.3814109557973873,6.254984506423793
0.6170222628954746,-1.9588449297944692,1.6539332314810902
2.8783178805141043,-3.03980195632109,4.410852326678428
0.03817901706017362,-2.5607357899087053,3.09919930871615
3.2581296600633545,2.8776583318238798,6.905139096839479
1.094594909585684,1.2148799104965413,6.580679083603499
-3.5070558631540525,-0.965268993405146,0.8712966850758714
2.1659713214364706,5.108082308239699,8.112370237787573
1.2978560130006904,4.7053547998491405,9.588936307401285
0.9524279184456593,5.165907343761578,8.602227104416492
1.526926744599212,-2.16238200186661,4.310730651559783
3.2629590792834264,4.741022179659924,8.392883016448398
2.2064195332929044,4.2598326352783955,7.316451670756592
2.7412449223917728,-5.605864929179247,1.7101780864213354
-4.4919174698361095,-2.9339335931239208,-0.2110673840217453
1.2918721463392535,-1.755841422341641,3.913933820803433
-4.621382380476055,-2.3014020969654867,1.6145951703783692
2.4034191853148053,-1.8457242969308152,3.3849659717789784
2.2542873025124393,2.0510478039569673,4.139011871012957
-1.6163400534929424,4.372651589339858,8.517612497535179
2.766247418486413,1.1149061847569157,5.865525565897688
1.404338808992275,4.847643007914159,10.089744806333035
1.9176934987487504,-0.9178153242496935,3.672782140368887
0.9781130056995803,3.5797716227900374,9.605923419548503
1.3894752836471334,-1.1434529589032192,3.4200361513244015
2.418800051420446,-4.4139584369103115,-0.11506286885743117
-1.154427289050499,-1.8868030622172112,1.9375008311613882
-4.750417237784737,-3.4290643653550577,0.29116009398412707
3.2787408612034232,0.9290179205566711,3.9318902140154024
1.8272950409126507,-2.6163508163422518,4.660939110014644
2.6089342399496434,-5.104516704749615,0.631938483843119
2.0140851519809906,5.516515871230882,8.512187069175312
1.398276282536536,-3.7504305770815423,4.867698848122312
-1.4303248708703722,5.125275128566021,10.371535404982783
0.730910194225736,0.032211798939112135,2.76418277996868
-4.592322625005568,-2.4041344266628912,-0.5408600967761378
1.8935402948046585,-2.2008205612730802,2.069275525620604
2.974330341369379,3.378421407396549,8.973048575315582
4.1762617909646185,-5.71155669034846,1.0149289221947968
1.6469078592357917,2.8111673036730815,5.400498047529089
2.90605084969629,-4.816226402946742,0.11931683527903475
0.03586536526660465,1.447950744744199,4.337345488260167
-2.2303231270140293,4.482622487814632,8.40939675356734
-1.7952609706313072,3.424938062942356,10.14058171017184
2.7696925161509482,3.7973162840247427,7.324181236308024
1.3629635161744154,-4.688607502374656,1.199126174475325
-0.8096977798938013,-1.8736363885533838,3.1076951734806615
1.6333322237830763,-5.746802468890654,0.5990956155330809
1.5486241921136863,-4.527783242555417,3.855737286263555
0.27344918694206116,-0.260510273966759,3.56609884277989
1.9141368427655938,-1.464331587862052,3.511706066039947
0.8728525047372937,-2.271223801137754,4.2230281510591725
2.6578938244429775,1.7032698205470855,5.65975037381101
2.301241365357105,2.4293063390199694,6.760721028848716
1.5927073502899347,1.5735612186011083,6.765612239540982
1.8271453176011792,-3.040007201469101,4.1052691280279605
2.2547105093826243,-5.0757962698444565,3.300426073109965
-3.737258220787845,-1.4454759910198616,2.6940626556266833
-2.351714118062313,3.4377695851573247,8.054841379801516
1.5594234399384987,-6.770503353057934,0.4729538825505561
1.4816011286499426,5.487933944837738,10.140007993330888
-0.9637110861703139,1.157164945885403,5.48904690006115
2.352738441198648,-4.158822691366553,2.86834698271833
1.0238226862816249,5.213327743928421,9.700859968644979
1.32241946883575,5.5376198544218544,8.524178963289504
3.4254343204284488,2.5949915487687005,5.3502675321983855
-0.2826507219339098,2.402004641526868,6.740056781083498
0.4578326470987809,-2.1302653553296915,2.758261473318189
-2.275896146593655,3.7483204290787353,9.867756585245148
3.325706505547084,3.2235694017026444,6.445314723624035
2.537973179272687,-5.6782463049959055,-0.7828281758890878
-1.787333619556434,-0.12085453663790302,4.8693195726617455
1.1977893932364791,0.30927265572042434,3.029844627172591
3.540126732074361,1.0522612031473682,5.07036910055947
-2.0513868920767617,2.9797481374127526,7.789724028969347
-2.5410127053131903,-1.942616315494791,6.2558152075834155
1.283468212128885,-1.5680998469481584,4.572641697383774
-2.499367417468728,0.25455451106551674,6.998759099557799
-0.4382183967972389,1.6428825677424121,4.801193875837079
-0.986980615641828,5.395358858599945,8.863481867849309
3.746794598508693,-4.655742427725808,0.5081045492971676
-2.527861092093107,1.205058437577795,5.9036819571000825
2.9844706254636164,0.9908396721087949,6.464930124440224
-2.2057110300707694,3.484977995378427,9.002225082119994
1.704549840618826,3.622872135419592,8.761505209518178
2.18059485338736,-6.137901735412382,-0.32499737779788296
3.2716660677081584,1.6625203684242242,6.662934942035773
1.160341315531123,-5.3819562559035035,0.39310988375351635
1.3914180426662734,-0.132422610003255,2.706630283668569
0.6467040238600501,-4.418038284932556,3.0781193626667624
-1.0001904230177092,3.500754568112079,7.618745024527499
1.0845176147599713,-6.212097311759024,-0.26326126734020067
-0.6854127086527215,-0.02752291962123287,4.341024657255438
-1.7175481565266473,2.306424245314628,6.112368552181929
2.4602949831285232,-5.374112741875783,1.1396358332512149
-2.848516296823519,-1.281881095433406,7.774943127521694
-2.915965540473463,-0.07967312384048525,4.568983132140749
1.2663749206314727,1.1757335519683794,4.25088958898535
-0.5163416495534604,0.5388556318410782,3.429760215613015
1.4501557764414317,-6.714295739348422,1.2387453170433065
-0.5044369226530868,-2.453165863969373,3.2934877604043713
1.3596250579854348,3.8425070240607075,6.678650333604301
-3.5411494277571904,-2.899491124406198,2.0689682866438233
1.9711093712369228,-4.941877424886586,3.8434226209645903
-3.0364563901364297,-0.23012766159210343,5.173776106421542
2.753335472732701,2.1151719367717683,6.501941322361194
-0.10670793823819562,4.132423859668352,8.195052496557008
3.4156029623757918,0.8745530890488475,5.599823863885053
-0.02114421830998836,1.717805066592293,5.576543302805833
2.955188328802345,-5.947633665815031,-0.27695412520218704
-2.900669184041481,-1.9663251897465377,6.78237858658949
-0.9745203300983413,5.64649772890354,8.359098286820998
-1.7006460980489995,3.4968994590681546,7.683087407412998
-0.09606078047413921,0.14820877287032475,4.378342361263323
-0.8908899675610057,4.651154166897553,10.335921611786345
1.0161818532464324,-2.9705913758518623,3.541923050625891
-5.977530395461249,-3.232877237341271,1.0329208197706972
0.35966430636737895,4.4102827676451675,9.178055926643307
1.779774338031225,-0.9568267892869974,3.1903589351917465
-0.34345653890498024,5.90947026154928,9.1808677905063
2.270444864843552,0.7863216961497996,5.209596170594471
1.632073084595827,0.5484587328052709,5.575470081160729
2.3039827312745667,-1.1941672071907612,3.3359019642362235
0.7104245644918713,4.853260574908982,7.7484970455438615
0.8241393649306876,1.2672663786233003,4.950127694378063
-1.4060059111543601,2.9181340121160724,7.748968318699432
-2.7496305159501184,-0.8615741656940058,8.308736295195144
-1.5962085594480966,3.5583634886878746,8.240030024879845
-0.9503002522060607,4.431077498254805,8.408084314073827
0.3612259203040731,-1.188217008995293,2.305278350937281
-2.8482113216382463,-0.7020704863980501,7.669338390680178
-1.2702478161271853,1.4685618965109564,4.770899102172061
2.0278258217178857,-3.501034630781395,4.742318443071397
0.0635091458620543,-1.901232731870612,1.5406850612145002
-4.1138222307597845,-0.9091117853126303,1.8628227969607076
2.2374137294116476,-0.573389914481475,3.324848947096104
0.42579401806551004,2.626710250450768,5.644067616397347
-2.6796299603053075,-2.577176815573882,6.69906837740478
1.0387743420108373,-0.11636363243540832,5.2105249142802865
2.954301597830335,0.9512463316094687,5.329814534186433
-3.822149481369814,-3.199812737560749,0.5508432006486343
-2.7795597492881217,-0.006002125763905557,7.744774285936935
-5.2410264548088366,-3.008636836600587,1.8510001640093698
2.9129895952205125,-2.0411520347261938,3.104645301147486
-3.1279563613150607,-1.3988344776062707,8.367392156178628
2.7122855904834906,-4.457689133686461,4.530339519141421
0.867272587131175,3.7591583106878965,7.713072265495473
-0.11045992452053317,0.04934803329265868,3.5974575147051757
-5.360441085380841,-3.174232288138938,0.9244621412375227
2.111232141307738,-3.101137506989173,2.9808715479593872
2.9207674053651065,-4.118049913284263,3.0394610751505162
0.24369949597359272,3.6298669006682904,7.843608699258788
1.029126810858236,3.4732122491835433,8.924225360210707
1.3600344648217666,-0.10518793917060583,4.646683302006792
1.661497657999739,1.6917842167486585,4.30315685479561
3.3684866028268856,2.2180171437294933,6.821827242138457
-1.9269309111975745,1.4771343814058668,4.967198288754283
1.7238646504534951,-4.039861262517215,2.795311122896777
2.717367525080037,-3.9609264117430896,4.208861223024125
0.06433836309347689,3.907890995252907,9.218411295999044
0.8697207581082669,1.7588148393116019,6.8269495558447115
-0.30692869479296264,-1.1808614776068884,3.0133705032903197
2.2965935079473665,3.18634059874247,6.467579282201352
0.4424848134408954,3.9388739567884676,6.299652815701648
1.72768869211417,-6.146072275841804,0.79181077738189
-1.3732090714691272,-1.3520218180301726,2.963148389521489
-0.8194543987157328,-0.645482639179089,2.211533033641135
-0.7133711767837377,-2.227222141156728,1.6448039552871543
0.47213070874039337,1.3582986455867831,6.695526988815999
-0.20672460104078877,-0.80618538085157,4.373373208404598
0.024027830659802442,0.18640729341098122,2.3539188407953913
-2.0010850296881544,-1.09695621076122,2.02719917140325
0.5973269387053051,0.03732181946982421,4.0243608599675085
1.4448179165631714,3.1124231513855602,8.649144585690442
3.9798019053247713,-6.324580701807969,-0.590323381332205
-2.560119504182843,2.846135800791013,8.141192328074768
-0.4481388894768819,5.398218111163672,8.832323589011878
3.4133223267025636,-4.637795119298542,-0.08648063956018345
-0.048913818185355146,-2.7991002836344197,1.990662730871687
-0.6193712340711106,3.8559586326851343,8.465212962401836
-1.6313580071525542,1.0549187817524348,5.24460529211803
-3.0377877471704737,-1.4542580504564664,0.8374740259619009
-1.8341302921098614,1.9804888365435545,5.3706816168338305
1.1000866209334161,3.0828072703036353,5.12301143244484
1.1525718836017373,-2.60314125089621,4.670591058438829
0.14902550508841922,2.836314325371005,6.7902689010707356
-1.8512080396514765,2.4678707032126406,8.155369725209761
1.0785257693469132,2.6717552117272336,7.234768667372191
-2.8776213991973565,-2.2643495454840394,1.4379190912743616
-0.4527061887159133,3.9644958730064896,9.496522880170458
-1.169270150735358,-1.7194668031035694,3.691525444154279
-0.6162138363238232,3.8424163239637124,7.934769079181415
1.6951951703497532,-4.491623695676163,2.353466182114375
0.20099662396891904,1.2326702093324708,3.2980257301819766
1.3243415232122435,4.187512861317677,8.59722046779156
-4.7831977172337306,-3.406246609722324,1.7745135393614517
0.7076946535608053,0.8122941812520165,3.1533259332109598
-0.4778013818218824,0.6824134650121997,5.400293549528146
3.1511428077963277,-3.328613729948325,3.3645500598929434
-1.176482068504246,-0.7378687525018606,3.1012530822699604
1.0029779121730498,4.835960922627141,9.325122042755673
-1.8626488804692394,2.594942883491785,6.820435412970317
-3.4938856090030246,-2.963431841989833,-0.058968255083186386
3.9194836278188925,-5.139821405018612,0.8270765357157686
-4.158838276423758,-1.4539347194915073,0.47667002851553836
1.175546733728604,-3.954693880231257,4.009951906834389
-2.276310771710698,0.18368844296853612,5.138170236670808
0.8343230613927053,0.5042081685521381,3.7924452364593484
-1.0974345613991543,1.7535079990860034,6.097433222198123
0.9661353497083861,0.3368501293792574,4.750360096635635
0.4886570670363414,-3.760617377667356,3.0469688020940304
2.851204890305257,-3.3203465736437736,3.8762411213007644
-4.628763841244714,-0.9818252696866292,1.0038972486036375
0.15745313613967415,2.3066444227210177,6.358427876486133
1.2024556042213634,2.216800152643162,7.9226330859580365
-3.76257569852795,-1.9622087964746342,0.5601981765631224
3.2707835906413183,4.254553700041512,8.789269096233495
2.766106441888768,0.6350883043861619,4.625252787614168
-2.1957268868771185,2.7974645375776843,6.261054967699202
2.7960426660410715,3.2341602610882783,6.114398915110724
-6.516011206267961,-2.432944031952182,0.4331095652402719
-1.8603800847006942,-2.1838768485579405,8.116868809849356
0.4469747006435102,-2.3213238939802703,2.003519813504535
-0.0379620304451129,0.8472054213446029,4.4125197327930445
2.9573028959912104,1.7597695987684594,7.198799772867125
2.257682388594703,-2.9942047786402726,4.5465673691859045
-1.9295348261075354,3.970003691608422,8.097022206925976
2.9455729651961726,3.8370812884675534,7.848682286616992
2.5730842329231804,-4.915902049380529,-0.46298120825693556
-0.2232634396261806,-1.9469229888758883,3.1306139801930675
-0.6062263498794027,5.272369751985549,10.48406647717708
2.277932028786636,-3.5868771936280064,4.075251995817148
2.9482605732244833,1.2767670752915616,4.757077234605465
2.043412735289286,-3.7718713168427382,2.4088398317237916
-0.36367915527830125,-2.6836969007009266,2.467376376520443
-6.146596526763682,-2.9431177435491875,0.4738940435809683
2.723533549906049,2.3947518092039437,7.072229005813042
-0.21675068378846984,-1.568255916959686,2.007281270497825
0.4478033875844132,-3.1728571373238035,3.3357156544530913
-1.589270046535649,0.6316086288899768,5.8585149840426585
-3.221871516540456,-2.4816476840268114,7.0068870823981655
-1.7411745525822715,-1.5166972449336857,8.212084818758088
-2.116456076309273,2.9886686983563986,8.443361888077721
-4.063556967001446,-3.2304407017400063,-0.22617878183504145
-2.4933391142534274,-1.6865345783494516,7.143800543510786
-3.0361392172882264,-0.32639865644334104,8.277620005633326
1.958425747671572,1.885986019438147,4.619248781553631
0.8633244387982466,0.8329668178662567,4.221506527492796
-2.267332498254493,4.790491429139382,9.288224548857912
-3.4320305142315353,-1.4743347984184059,1.5061590484143168
2.786157275710824,2.8200972968007756,6.514747712800791
-5.72577100766525,-2.5207553955618223,1.977190097576143
-4.631407722188579,-2.190028693645525,2.316517589722331
-4.966576696387329,-1.3563698206026509,1.3767693121767426
-3.371165375906007,-0.8416405564299706,8.022548984496563
1.807091451275345,4.242881289228125,10.055602249788981
-2.799047731217068,0.44102992899289484,4.353526853324406
3.0975314218309817,-4.97302594651371,1.7422548139260008
-3.2819133547212704,-1.853062327733759,2.5272035204395777
0.17352571663945798,-1.2636929287821608,1.628681887278957
0.2580114753351549,2.208857360109779,7.779701391878844
2.681659037224998,4.012353723211949,6.690259231509952
1.1328776007650023,-1.086292753751658,2.2621656607811516
2.2905758263892237,-4.41744199713376,3.9115409453416934
0.025638575211000603,1.1342837412905489,5.548218603194811
3.1181097006269347,2.1363705671589623,5.5058246441677
-5.48041582271917,-1.725292343979006,1.3330173772908471
1.5335759871151706,0.29648646527126177,4.999335475977207
-3.414299971549185,-1.555003572205429,6.652358788392264
-6.019980098032605,-3.3507264951424753,-0.028078616175541474
3.787797853803445,3.0739093389630203,6.864885173228037
-1.9112202937393894,-1.556048730219239,3.2394353912351943
2.3177469154674277,-5.017861275158192,-0.010966420253034393
-1.736382487802356,1.8350906556463107,6.616665800142438
-4.1679810397169055,-3.5338689855296326,0.3382479532180263
3.1261815364986005,-2.287612589983448,4.273452450966138
1.1439532667105947,-1.9294270503909656,2.0122874810187024
-1.977959306631127,0.6076800755340163,6.376898888882554
1.0340295975137657,1.182117449701857,3.7442603507091534
3.4157702647570294,3.908179528022219,7.507777161151112
3.6400853138022704,2.0085538784476755,6.469838797580475
1.8040076214731808,3.429890838224408,8.141109387775765
-3.3099459358127805,-0.3705879054215231,7.080448938603332
-2.7770541390081283,-1.6309251188302598,1.3743036914015503
0.3207789590179914,0.6941250125165899,6.068481679434307
-3.5429687358448554,-3.5200943951920696,0.12224246334124339
2.214508670471689,2.520221259446005,5.073024308506108
2.623733201915577,3.4687763490060677,8.053620515586088
2.4700005134624776,-2.892123771854919,3.907191334570456
-0.055553388623629206,2.7171807752864865,7.889546546806737
1.863394910342177,1.9120257496737847,6.062595674817451
0.4696263139700847,5.8988617786960935,10.584921595977868
-5.534496119069334,-2.6072581545752014,-0.08533405255918647
1.2006053125645237,3.438245451650711,7.183758791014573
0.7647035571870995,3.1993196349582806,7.65666241198615
0.5253743923169627,1.0511490330701325,4.575466787460062
-1.6997610550472149,0.5134589994183109,5.053061788345085
3.1707994978776477,1.9944843266253112,6.040707245489786
-5.2265205451885155,-1.6232944734962054,0.145592575662486
-1.5308168534027093,2.033726937541732,7.212388309463649
-2.9637411181667104,-0.06204803929211808,6.69486716142897
-2.2675043692065735,0.09598348528563647,4.56281925734784
1.0861614627107439,-2.945665631378669,2.6480017223391865
1.1522330821977986,1.5406887348831726,4.7676488094570715
2.0685930104345944,-4.708281780446618,2.8986523115315923
-1.566340542747803,5.488246569764562,8.977201685410034
-2.6284328977160833,-2.7745324450796858,0.5238162477579769
1.9473577885290316,4.833348045685768,10.408319116086773
0.47698437890650264,2.546672508110093,7.427466451595349
0.6577973223330571,-1.129713424173469,2.8025903455905685
2.341914627162697,-5.174060736540241,1.8079535682068537
-0.06894490643148538,3.5948515045485334,7.079953014599262
0.6909135944111455,-0.7853191538667119,3.860732263618377
-2.7147957403211507,0.3431480622099524,4.964108127787807
0.445305815576182,0.6202330259297251,4.586523836522217
1.958717400683016,-2.4984700711458085,4.096562759094398
1.3367453041340391,-5.605770912891027,-0.10624738404980194
-0.3618088726673689,3.564589644409351,9.2006203996956
2.0430322841603807,0.4001168198852498,4.872144727067691
-3.9457145337135593,-1.997857047634036,1.114638396590326
-3.9780476199243653,-2.6477423935780626,1.4517530240634873
1.3412933989897238,4.446220718490586,10.49853121584343
1.1896475313528099,-0.7017011709369252,3.7275325693807067
2.7656053720965357,-4.888142451389299,1.078806319408337
2.237359299184964,-1.2336092090654927,4.020515914408402
0.5485254068754817,-3.228494023062519,2.714442552623726
1.0126909607093302,-6.575279498004665,0.2543867074627652
2.7562133115775667,-2.841325451496438,2.791365674605105
-0.4964149764839739,4.988088558430042,9.344957327459142
0.5004772761623997,3.7557858448640515,9.125849557377197
-2.065278492449289,3.1753825937963,6.827871036066822
1.7345493200225637,-5.17719203351493,0.12570426362585208
1.9447605110358945,0.35772812527719877,3.7388135160500635
1.6970925495893554,3.3519246726807275,6.313870120648712
1.3802678512649396,-3.8791745406213702,3.364343289290507
1.5044400127326174,5.925382552871354,9.048096726594984
-6.512279989327459,-2.792830659288004,0.9341733715381909
-0.7805845290953419,4.718625191145075,8.922861425164193
-1.724833737829285,2.823170556705779,5.783803012679192
2.4193425688135677,-4.679492922993288,1.5317081382507494
-3.3619452408408415,-1.5950022864495437,7.83514774360267
-4.223348930128507,-1.1570096710425324,2.3219625505361097
-0.19809772815480642,5.15150430453758,8.243779201692687
0.9237473066212049,4.2869224140563915,9.355214111544544
3.3767313528241827,-6.163883203801275,0.8372542926982492
-1.1765433454670908,2.3972272607440397,6.657068394735952
-1.7434045988628177,1.5996046441285396,4.4467067080638545
0.09128936746350043,0.39396004358917874,5.603667866631168
0.9828320659852233,-2.3771189059987097,1.8016220163357137
-4.3928391031038565,-2.3850418373849656,0.03143784510674831
3.001611111992064,0.2265313556142765,4.509949922846851
-2.5400741613208013,4.190409768022112,8.901394614078397
-2.315217168733763,2.70690648010957,7.25847858202682
-4.913779978644466,-1.7906470060453075,1.8510597412403251
-1.8466996562884819,4.735196267359284,9.93006301400453
1.084671769269942,-0.35909396992564,3.1286518763540054
1.1672751069670904,1.7341015172709175,3.77585998975677
0.1905053734421955,3.364205473070924,6.53460456283691
-2.2653708101762815,3.7346898601589955,6.920959844479754
-3.5755198857918624,-2.4724404017215336,0.9932469218342078
1.6798031701893015,1.3227757730730854,3.7893207274742164
2.952505093281413,3.7686130291840008,8.419978253450676
-2.1830584658691503,-0.03566021881202927,5.856517365484563
2.932799317642805,-6.295382761781764,-0.7314547337501186
0.2379325031903354,4.381962160231606,10.656572389675556
1.1311086272588693,-3.9877967983004745,2.9929220751369736
1.8375525240622617,-1.6719744734670894,4.3043947799206315
3.073138800931879,-3.427934550049003,2.6669610385695077
-0.972244564739212,3.004803477769443,8.958629578725581
0.7247497695029186,3.1592388816548915,6.2445000231993895
2.382733264633423,1.5376520074974251,3.6293582102720157
1.211453869973957,3.253251204347247,6.663365594857084
2.295435048233506,4.484460611870706,8.339511496214138
4.206540859468242,-5.530701129842184,0.43544311694000537
-2.128710394142634,3.8810261594094224,9.388014839594181
-3.253125292981882,-1.2078230939898136,2.3702743212834116
-1.907925500666787,3.339449728951814,9.451532647088523
0.861942463938775,6.256284884842683,10.094034720898184
3.683259778370761,2.558968107462717,7.190391692184197
-1.9323322253661739,4.957026291508282,8.811643556926755
-4.216127483721556,-3.4973082335689005,1.4688759359673245
0.8940818547900664,2.196450831564036,7.396875382581101
-2.5686697219912435,2.709812107731451,6.661299138275778
2.0663166681482372,3.2275745637140805,8.485147058552522
1.5889287261637268,-2.3674246623558526,2.6823217203872756
2.206462531887317,-0.3069675547085552,3.8347111763745665
0.23030732631138712,4.015439752051058,7.083015988716041
-2.2352528505731293,2.122567012142107,7.11351424113079
-5.017806721519538,-2.3091361936138597,-0.08671440323554455
-2.0489606794598507,-0.48020772575008985,4.547868799635086
0.4298685771598363,2.1904927316827787,5.1655281180656685
2.978233795147173,0.5373741401035099,5.941969186789257
1.5154974476370024,-3.526224069205947,2.7323852149664414
-0.24577667893426977,2.0313680868625723,6.014443134921402
-0.7422228314710021,4.541367076221871,7.905051611054688
2.439056115449943,-2.4340937263055786,3.103772655955734
1.4625292666737313,0.23174016181560206,3.637937339879416
-3.8128339879208535,-3.6457637371006673,1.0283846773703094
1.6580816555615139,3.733891891076413,9.598173211088683
2.3067543067030205,3.5089257358428885,9.03156183960332
-1.200233500234332,4.240171908088015,9.94265400006823
1.9012071281429719,-4.998355440499174,1.5286569299119208
0.5081455141038691,3.6418196500532343,8.411496941509144
0.041448281432543706,5.748442940568618,9.548507652291377
0.9996417486086134,-4.333298271421821,3.5230733498975058
2.6124454782583015,-2.4033889853798183,4.273756809038504
-0.697455908881186,4.141925405099802,10.050346256317969
2.0848492661749587,-4.701967195256786,4.424905225048291
1.934436441475739,-2.1353774011140936,3.7706117093040743
-0.22513036272878778,4.209954502407822,8.840135714234227
1.0136339454125378,0.9554112747666924,4.832355233395898
-3.0494925778262902,-3.551589054548937,1.303821178366524
-1.1723492997709606,0.8670689559900924,4.8324563825701325
-0.363220829481453,2.983308811553869,7.164196535482516
3.4562239015383467,4.0450935198817435,8.180873744081119
0.839910814544817,4.189117265663965,6.8701611800738664
-3.157446171011367,-1.1979785739233906,6.283087019915234
-2.4995508514964473,0.08155185123292255,8.318593839596018
2.1418032909965286,0.9199985971825296,3.7624007822055123
1.6653986777910503,2.210908382085248,4.054028017586847
-2.284548884659228,4.334185844781931,9.82383619653491
1.8566179211819236,3.9527202669936403,8.129409054894113
0.1775814450553334,-0.8590198550639145,2.698153208898532
-0.19099607479203362,2.541131526641605,7.33558010737968
2.7668474500143416,0.3592997197409854,5.439926761896688
1.5165776406733595,0.6426123248545814,4.547231911809006
-4.064077119507639,-0.9412564440864339,1.1456042515057725
-0.3038447801712191,-0.16647655508924647,4.704447490705869
3.3713149385963015,1.3324781862122745,6.07656945876644
0.5056688714805587,1.9952927940836616,4.140628392179548
-3.0644500991832264,-1.7435327796695796,1.958718534336699
-5.513612385878668,-2.7912779012484368,0.371115007588804
2.9480614637851215,-1.9557064251952574,3.7862385024525094
-2.8332284631054447,0.8953146598894599,4.817196786877362
-5.013469448948589,-1.0476757376028174,0.5482068977525013
-6.195515995364569,-2.678153119555911,-0.1180397434010663
-3.3391050815429497,-0.6189481708678432,6.412340690087406
0.619494334797103,0.14575884726121213,3.3670550075031596
2.3187512434288786,-1.0486860451968272,2.7815880536236564
1.5259228860010412,-4.769255319407007,0.4936251399079214
0.5487022882717172,4.208713973524495,7.603036581562479
2.0622208666384267,5.381613583130507,10.05985962348484
-2.8619239500707385,-1.1576813731117388,1.8965941031397766
0.35505486626694926,4.252745651156846,9.68426839275824
1.480142480349402,-2.433570237765856,3.679850126062646
2.1104110283405046,4.709221407139407,7.660501681332651
2.1859963735141186,-6.586331324785859,0.9122730684455527
-2.3823124620465,0.5157474144188463,5.9704227200350575
-4.567896487417684,-1.8706900750246638,1.407113632013106
-0.05899639691000182,-2.0780383471583295,2.5642932066200883
3.1703468269056114,-6.734417792080817,0.029706967179091416
-0.16030274761527152,4.532568456995681,9.82909586965437
1.2716769238962304,-1.4270406260497144,2.9054938615477135
-2.417043714298361,2.523070234223856,8.683257017564552
1.1964611071260305,4.089221807898246,8.104188037112076
-1.4079266479225294,5.333894783512372,8.439070210915121
1.9161748173064828,-5.515082930791373,-0.3654868732086265
-0.7372227343625113,-1.9981310051980097,2.15655323973331
1.5438769551875973,-6.630610307937874,-0.168765283054153
0.33207769271202214,-2.231910637047431,3.3148105437873445
0.9994872201702547,3.0767693315563363,8.054466706982726
0.1706401490367359,1.9452006078120954,5.135002282744204
-0.670704789825414,3.3688522967816965,8.618569762678506
2.0413433495240767,3.346096556113748,9.509576403416776
2.608832569488697,-0.9935733425610778,4.3904464761158675
0.3073755794801537,-1.4084947941173984,3.8620296774331364
0.9868185934082706,2.1138871793262397,5.823704678901419
-4.723598734352629,-1.520763911980146,0.5717515008647323
2.2324268909096383,-1.5021936778436709,2.3351292198906464
-2.365683419205841,2.3899843010815953,7.809315433332642
-2.703853779691365,-3.3717639115673665,0.8096305911028975
-1.467367082815742,2.1093426932770156,4.921689013063922
-1.978883423791364,-1.2300903109482983,7.1974604556207975
0.0018533143897102103,2.5470178023426966,4.9066211233851496
1.726128885249726,-5.255996054970587,2.032250433522795
3.5152045504769647,-5.230224250029769,-0.416977191781592
-5.7856538397500845,-1.9471100902907208,0.7875045356382228
-2.47406949836659,3.9290996164820124,7.756044675143326
-0.07206115133911142,4.860772863175965,8.793248286785685
2.7276959681945385,-1.9834063653620846,4.7700633473547
0.7588779522171688,2.663242110219946,7.7970593563142065
-0.6620975016068411,5.066742700581174,9.994720634686567
-0.8553588373444269,-1.3656406974468625,2.063801456337549
-2.4014713157186183,0.22250839945388592,3.86912078844247
2.0612080322706654,3.5844959469714595,7.676845418176398
-3.418986997439713,-2.3094521505118055,-0.05792308776843388
-6.05139445899068,-2.557696420987132,0.887895831970924
2.8372394885407677,1.7268153939789146,4.089056275314116
1.0234461084235322,-4.36340453366443,1.5629159554378613
0.938499643272396,-0.30618595902906187,3.8653474963332926
3.588563483143578,3.7533362222868267,8.722943142427681
0.03975201242961281,2.095902815481026,4.453137823573611
1.0099326881477397,-4.982161649985109,3.0881012192217803
0.6191360462784657,-2.8406754874168176,4.438757323319638
3.324642656751326,2.992067169165873,5.804200632158954
2.2301944043202266,-3.386545896907176,3.5695945990593714
-1.7185166480812253,3.662583747880155,7.021218243680529
2.02434505461568,4.772365193114004,9.714351380117055
0.375725004734545,5.46373302494548,10.042832461154799
2.599518754526182,1.7070411922005169,4.549217561677156
-2.1443434820248526,-0.5872780867580496,7.422110242127132
-0.7211675709157164,0.010987288579486226,3.7026523995311145
0.6617498195120209,3.016565553132182,8.681863670077528
0.16831883478138276,3.342266883774035,9.02245609927928
0.8566079940487031,5.4908080325395705,9.047160438334576
-1.689362968351478,3.8880443792449477,8.744858694265114
1.5113139013465244,4.989331473119434,8.597373483660785
2.5326996660022023,0.1451986224714542,4.943619057837543
1.2508588572946155,5.313707747844961,9.121543527230111
0.40833780433615746,1.456229222138876,6.026250414934417
2.143837354948362,-4.721612581014264,0.49160046812058705
-0.1274944903224635,3.4128050077947654,8.160629919658458
-0.9154914416492624,5.029448686068472,8.373770017659282
2.874874339035736,2.764893304354813,7.5823842808554485
-1.974194006931299,-2.7547790818899855,7.671563375591389
1.9077418036898701,2.907811025085373,5.992168106382357
1.6795159935329853,2.3574047721515012,7.563483667471516
1.579134363033643,4.137973916331449,7.904325347911489
-5.517710335431198,-1.5682146622918867,0.7318699948724311
-0.9464762620306443,-1.1971396656287163,1.516186897307524
-1.7110175179889464,-2.4356178560728288,6.894478801452571
2.6374634040244676,-3.5705527765939697,4.629506735412697
0.3297319078430379,-2.1548601324424075,0.9966373948759263
0.689961496573821,3.0800900631030594,6.885281092093035
-5.383753748065186,-3.3725799004395927,1.3971350682908497
-3.014561968322871,-2.193035161550499,0.45927891818493505
1.7913767944851706,4.279270081816945,9.431610685822802
2.18304489416238,-2.0748614190160892,2.70191600023836
-1.370452203206716,1.3276731986011991,6.524084517583707
0.8857859136987714,-1.8130116432514995,3.043527049042274
-1.759666456359951,4.388923048325237,9.003262989080254
-0.4254649010348341,0.39037912900835964,4.7008029126677835
-2.2162786750641286,1.726386892600145,6.0712990677885115
1.4738716327419799,3.229973510898319,9.24324879355328
0.38582061593625444,0.6113020812984205,2.779657319217699
1.83353410896361,-3.0862626549031456,2.4171356021359935
-2.5134321227347978,-2.7276176701512953,1.838454038954812
-2.1326979940675646,3.473045177036788,7.317096381846384
-5.980960327566248,-1.3699152461807726,0.8470193549156565
-2.0293777372487978,2.14080447432601,4.7372787644508305
3.5593608718262386,-6.4565894244635365,0.2570817624019811
1.5126016994279474,-2.3123110547583017,1.5411149150921
-2.3055490845946127,-0.985777170659096,7.982105541479805
-1.229719567522088,3.2280860414152426,9.478646446929837
0.23961764971762606,4.823342504680408,9.574592530034256
2.5304218181434117,-4.524409240207763,3.3391098509714743
-0.13477110570339101,-0.9023598551585987,3.829961445636189
2.5473151368514704,-6.496700078179665,-0.21289667683499358
1.9681827723855854,1.1674181034624194,6.64231966742644
1.1554597217517675,4.19051807606185,9.831125908361411
-2.2853330544068884,-2.2305790338793616,6.754707676469699
1.953242335527248,-6.33616819544684,1.4424918612777748
3.26355662559052,1.4657938974181974,4.291168079781071
0.31099337316566955,-2.7056562914391185,2.5173289795801557
0.653318873961549,-3.8083039949518693,4.130543637858761
-0.014811357602482231,3.565651003839144,9.745087866150245
-2.014851429006173,1.3672929587398175,5.610574679568169
1.9825774733097496,-2.7471561134746123,3.4947949895771697
0.959954529547683,-2.419479288016063,1.2669085952777552
1.4007889779843066,2.864230047470787,6.152605651406917
0.8475878938115713,-1.404770987374509,3.454205402804794
-1.2032846063767255,4.49020984217984,9.360613146025626
0.7264624163313558,-5.7569792353078295,0.8514642607813661
0.5943515798760184,-2.6722504791936803,3.807577095661398
-5.764076016799586,-2.209960306167791,1.432252820869639
-6.179369181101827,-2.671975791803374,1.5199777171623163
-0.6042794114491817,-0.6290261620359716,3.5631922105603873
1.6986227220478993,-5.27638995861992,0.9234777067717723
3.6867851032841576,1.3682457783604212,5.5563182352353415
-1.557262609716506,2.982376873135924,6.460925686958405
0.5838660375050139,5.93437539767651,9.614238876873944
-2.8254276645555314,3.7091936156163814,8.929785794594595
-5.641009949195363,-1.998229680230401,-0.1797590416777276
-1.0159570402949623,3.312802141627474,8.140858342320382
-1.1259910064856755,-1.8227792559946512,1.3415316635605348
-1.4799844482158795,1.2832663121057464,5.884125218844963
2.5757570113106265,-4.980658496648075,3.7914453902833363
1.8645795107268863,2.9038100582037236,8.195884900561634
-0.43582973213477366,-2.0910695439791365,1.0513733482261607
-2.6475195018030946,-2.0206395921244877,0.8667486555314118
1.85001581999894,-0.07100634894287891,3.2989978008772947
3.2617485264661794,3.8517947253669185,9.242685844918743
2.712839921801557,2.138455061804107,7.591572079453751
-5.287813719157458,-2.096339039300327,0.45404114548791696
-3.320858221544162,-2.7207707578937796,1.5510393684336403
2.107508873070044,1.4366722847065936,4.22407681826292
2.2102935181012815,1.52391506190726,5.070135505116837
1.499110285705837,-2.697886752604459,2.1489382140789024
3.1084169757649036,-2.6456738418860017,3.269117241333478
2.4273331527560624,2.3524048899932573,4.582588105229439
-3.601334089197623,-3.371696126186133,1.6645009786790654
-1.5450728579834072,-1.7138163972061176,7.6723497935999
0.35019618779312756,-1.8428277435254856,2.1185362846242914
2.451044292433172,-5.988959127595861,1.3195814037611748
2.1682497436801933,0.17934643967689917,5.420570313894713
1.122029739891264,-6.283979467994841,0.7635661683142079
-0.17673019056048794,-2.558715104509178,1.4402083466907114
2.3995221194972687,4.292694685949981,9.844895818074143
2.405297312400443,-2.572343608463232,4.919624095032471
-1.5692227120911506,4.458577382942945,10.559010278699457
1.8188359249939245,5.823804035977421,9.649253755955119
-2.4839096587237792,-0.40375287113021957,4.124801880618448
-1.8307941637333205,2.5800916783295413,8.784732681098717
-1.4694727080073833,2.83658939463872,8.440403176756579
2.778149364869329,5.107101996486952,8.503266135040434
3.4163521999835584,3.637330657829651,6.931951606121211
-0.01973846005204374,2.3711377787076198,5.449120486602975
1.0146451541779904,2.4089227586010336,5.276251132361281
1.7305445558175276,2.339023788987469,6.495729447840103
-5.912750555076272,-3.17707178774896,1.7595924550084738
2.636113815620162,-2.9807379871464526,3.3731234988410295
-2.6584874077288188,-0.769884415424777,6.675324292351349
2.2106907820732276,-4.829606022168962,0.9487775425416063
-4.520418874394919,-1.6195176789524868,2.6254260140414396
-4.536082591890342,-2.332589696227187,1.1125267313293967
2.012775995090463,5.404316582991126,9.253673766941617
1.9057587617665954,-1.5235410635397306,3.00180792738282
2.0565856450532864,4.156147678524276,8.921632608457031
0.9344129326713838,-1.2637070502360626,4.0791891781978045
-1.8835845694015174,0.5366528940789126,3.7451712702069773
1.8347133935295747,-4.216644021372981,0.28954994633249465
3.4604302954091795,-5.522165184237103,1.5608703314150365
-5.19109092816221,-3.6524322783559473,0.6217599705794964
-1.3140201736764887,4.2471539394825255,8.790744304879928
3.008985436983075,2.457573469326743,4.995224614714271
0.5030153925941014,-0.15252620984926793,4.7208195204824515
-2.232065989753859,0.007210742197956095,7.528367857384794
3.2238544914664646,4.362242135665587,7.756455103202768
1.6532064608312549,0.2305508374949728,4.3636999623602355
-1.9556504357509956,0.5473626025100455,4.397321921318284
0.13056724002685982,4.552638554384699,8.59085060910002
-3.05441706707832,-2.5023056516917017,7.650453691290628
0.3922818111297184,-0.9852538887925606,4.445360459768185
2.4525986885528233,-1.8954062166642154,4.027637156740693
1.290851691612532,2.1314980181555714,5.473201023122846
1.964589339100243,1.986819647374582,5.159960261236849
1.3846170997175902,-6.087122485936162,0.2353527506210439
3.1073746550288104,-6.083323085472231,1.369890671216514
0.8852348535704903,-4.093988893830806,4.5804237454697985
-3.379986696192898,-2.0696323493287228,1.000766888701904
-2.704480219519739,-2.291067279837751,7.280265673270913
3.01219369272469,-2.706149554158816,3.860758044756045
1.2955409677390266,3.4744116902650863,7.668839537313765
-1.9972220288270415,-1.8299350893464528,2.738273855445324
2.7911698147688613,-4.2727349282704505,1.2170668540900287
2.76609833623933,3.009227677481948,8.51422055439345
1.5501112005417184,-1.1049808810764543,4.056410326297379
1.6371359037621314,-4.40082287057398,1.5738437171149393
1.9816197798068167,-3.6113013020524205,3.1132110420351564
0.7418598030009866,5.7083850155032305,8.570322562882222
-1.7322122324467126,1.022440199768247,4.74966167603414
1.4605582994491775,3.235051791218975,5.660891374107176
0.10181131608354493,0.02617592458488325,3.041896382744451
3.607572032963169,3.4780060488912787,7.96188928573514
1.6136445507600472,-0.20623929449059478,5.434788773921946
1.3720843736110324,1.7916708555224887,7.333138706291538
-0.8187062756242806,4.124569205249415,7.41049875682608
-2.3273648433877674,-0.3980286050444323,8.030030566709875
2.895517488661724,2.5044835648107,5.993280333542679
0.8585523197815297,5.0722032258407825,10.303135314361697
-1.4011345871178955,-1.9908752942252903,6.588333486380839
1.6439744436544188,-1.7448068416665061,1.8304328123056444
2.396862257206357,-5.155058644879324,2.721867597392808
2.782093524455621,1.1214982038410175,3.571617507875334
1.3046383735651752,2.8465173204180654,7.785127360857839
3.7018000912855937,-5.958870254386379,1.3350226400024285
1.1084770203343213,4.375338866533901,7.766060928786899
1.652863832608997,1.6213255434369789,5.028365994498348
-1.2180371942235264,4.669612040106938,8.173028833758437
-2.733637939561312,-0.3834520975918714,7.188540681843562
0.8229696552557829,3.477094761679137,6.615667178394202
0.6130714231364616,0.2714184052689105,5.314348878674215
2.801848097920219,-4.9990290837792974,3.1163539097764104
-5.538466818140938,-1.9189882034391825,1.9464924253727125
-1.9164272096275126,-1.2855097154507586,2.6117854890156686
-0.2873481113569683,2.94273092681458,9.055831803902956
-2.7756301907865804,3.6061026909323606,7.1987952518954845
0.3231925934265557,1.9574484247858035,5.835159090660694
-3.346912021389866,-0.38451153473752964,7.683090617636589
1.2342759850123048,1.447800828684053,5.498191461984765
-2.7733806258630755,-0.764236686449387,4.748364086852415
-5.525489348679734,-2.78499720888563,1.425935944352318
0.19746621521657376,5.900115480736337,8.999715187398142
-1.1904481204179584,-1.9605579805250488,7.199794236035473
-2.3538085065085665,-0.18236281675734278,6.403619493290646
1.315612335468984,-0.6817515081811588,2.840037709461395
-0.587593463454649,-1.6762513069022786,1.6147272281462752
-0.14424667755791254,-1.4015274617776474,1.0894800851561501
1.1296742564307674,5.729307577454428,9.51502976688518
-2.9953888093999557,-2.1267702542742017,8.289021471414243
-2.7108943736920423,-2.9555639024814626,1.3232573969791526
0.6476179933450421,1.9574500063123499,4.654657079865127
-2.1142267415871467,5.346276562190235,9.239518923786717
1.4888192890940468,2.3857317288371744,6.10292455016269
-1.5260184840150686,-2.1864621076024764,2.357772863194989
1.9105859801899086,4.91200648963474,9.135332407137472
-2.2371516535593443,4.994075685626895,9.77635450986901
2.5155861508025374,-3.2775422854197647,2.5198537422608926
1.2791284181364901,1.8310239006793383,5.979494762062895
-6.109544101202464,-2.06912895007202,1.887711997666193
0.19309338752473587,6.2349511403170155,10.04501851952248
2.6165903383519407,-3.5445245164174066,3.0594307079410084
3.7304418979149245,-5.786444022895389,-0.5959460326190981
0.7964574544945757,-3.2962678024767795,3.879173007410508
2.5018107959524287,-0.7521965636126817,3.8065164507505322
0.10106918038985101,2.889629375638844,5.6287673276578785
0.5891694414950367,0.8373280933931138,5.02802818463999
-2.393552508045702,2.3642444235870377,5.2207227035338475
-1.6787205733731316,3.811371339713482,9.106334217278588
-5.912991219382371,-2.2971001335345034,0.3186709448301574
-3.9736360397869803,-2.614305038048988,-0.3503962145855382
0.11144944900505666,2.0991120657683258,6.888844112758391
1.5645403580663835,-4.2477561961288295,4.427244430490337
2.2561828919294786,3.5890484127832782,6.900663610820062
2.670673435452806,1.1751736744561165,4.294626272629573
1.0901186893978523,2.116227576253323,6.332965958682928
1.4772381409908095,-5.338785712819985,1.4822231737026983
3.140057382413774,1.789011441098078,4.869053408506362
-2.0751702004941435,-0.25631763287535636,6.974925007106356
1.1050330534963213,2.569065589622761,6.724572138559497
0.6067303811417255,-2.666806785118194,2.978119880432879
-0.3280887888356176,-0.2821324436830811,4.033064682585949
2.475883465309554,-3.888937843855006,3.5181997892491497
-3.5195363056067364,-1.4433062634033575,0.3891744880757178
-1.2797090518146008,-0.8931603587220993,1.8678832974196498
0.37984776153808525,4.899039448124849,10.180583284958661
2.0259650186961995,-0.7910278418326772,4.373000214869823
-3.238920759396675,-2.81632379088885,0.42358436954458467
-4.657756566498662,-2.8822474636653244,1.9714078213200843
3.178280436246009,3.349928101091361,7.372284166807287
-5.230983342305488,-2.2964945161511334,1.4902665800277142
-1.8909232661928583,-0.051633319323322754,4.117859442825247
-1.46323613817911,-1.1337629459981355,3.509116100967691
2.043112136209328,-2.0642204174001053,4.553239723886372
2.739637982740188,-2.174272052741932,2.5435471987227714
0.2812357247600331,5.008663524404321,10.916732648431244
-4.075972980705532,-2.051674081348602,1.8638746893338658
1.2312910857366957,-2.906041950800222,4.124148876015894
1.2570020464639438,3.5930971027097707,8.40802240491758
1.517239626142894,-0.3275287734981981,3.9559624940099454
-2.477922123608311,1.7911527462925694,5.499007742656072
2.017986020075636,-4.764801900684082,-0.4084481308561792
-2.8001603175686975,-2.8973435683022037,7.2944585289575725
1.7972641414876138,0.5718197079316552,3.2614612973332475
-5.824600155578029,-3.5083713778122068,0.6026914614170015
3.348731386040494,-4.4397027935300635,0.9776754166104986
-4.132206738041884,-2.6737840021992585,0.7697706336757428
2.0313319433731416,-5.340462780138115,0.5846986794362062
-0.757018672685579,-2.5670222267860376,2.141263194030717
3.6179490193783153,2.3228646384822054,5.850376544082533
-0.8267254564397374,-1.1243804355303864,2.7281251646141493
1.1739780007468639,2.645477266103335,5.696340950648688
0.2735903731637541,-0.4119651264135678,4.262894121046435
1.2171681336004971,0.7351906517343835,3.7102558513445856
1.0030259473079524,-4.865184762579402,0.23953251339919882
-2.6883836843780546,2.219027232526332,5.956218705866171
0.2865638166360146,5.034217005922561,8.975235429945396
0.5035768831657549,-1.5591218914394847,1.1418642766878206
2.939125937106351,-5.518521000853883,1.0179107749947278
0.165248301815874,1.3645447308368344,5.009063969117087
-2.1928498896471322,-2.7229278727146675,7.099012747780641
0.3451385064217015,3.1255867997628326,8.00209105051684
2.3828579472766553,0.1188761337752911,4.36996669722622
1.92517437542632,-0.5612682844992873,2.7103042638937804
2.161468799671231,4.913428791237109,8.692789674309003
-3.116283119291036,0.09903585093010628,7.235269032479669
3.449615537980262,-5.762830160485355,-0.14281377403728834
2.7881538261747254,-1.3751424525518514,3.9113892846042644
2.6398797673923253,-4.5408320954275565,2.666360375701958
-3.1662382050930105,-1.1045343806669647,6.847995775718065
-0.32223354860477293,5.707851889670086,10.173075365208863
-2.3466200302450146,-2.5026170835156005,1.1137559647128692
1.0492637557318303,-5.413081429924685,2.0406713732718162
0.4009159278466562,1.7207583410346692,7.376105410035541
2.6127129813354935,-6.630905872298955,0.4015825147621489
1.029577632869764,-0.07703966864019109,2.3179338359086863
1.8848519664787187,3.007145952125651,9.028424710159387
-2.654358819832619,3.16192632778516,7.769287964997435
2.3892749997085296,2.3880723905583623,6.067046577574659
1.2747040927632824,-3.373917725511532,3.8102159475425172
0.7614688121334273,3.103404495742742,5.607951287780154
-1.5902761550284295,3.8348245555947353,9.876220566053009
3.0838407609795526,3.776375216006228,6.315410572999786
0.5782759195532011,4.250710306637392,8.133417729849281
0.8444703635120521,-3.5980287336518324,2.509408956080104
1.3480752975773662,-3.287880871869938,2.206589074769305
-2.872601537172507,-2.6634059010639684,0.017469413188267485
-0.1712812089372362,4.56719907056231,9.390782173565439
-2.7933324788025513,-2.4856887328308024,6.115301248125284
-0.2448215703027437,3.6806479581262668,8.732358517201172
1.7933734601900222,-2.2711365748017527,3.221886067064317
-1.0919845897860172,5.417764874984658,10.078549560657608
-1.549024518762514,-1.521751817134124,1.634013362376551
1.5633896869122113,-2.836105633055631,2.99584020839504
-1.964632777202834,1.250292772189322,6.286462672120991
1.6207070793694753,2.6832951593342735,7.134117262175968
-2.2384613474346224,2.237042361212618,6.4911374066765415
1.380919977282777,-5.728993021757898,1.119971518781737
-2.38529768448799,3.952460586276417,8.518031955534061
1.4301300786597497,-4.953688438444859,2.6811696678548187
-0.7605734260913197,3.6358994926974333,9.098976493549834
-0.9501888222580206,3.95377481339437,9.560411847065515
1.6453481864613442,4.485585147784431,7.389759809548379
1.6912530135293469,-6.116751421817594,-0.4418968218033818
2.91329982328351,-1.6313876912821013,4.305169521800025
2.5083532711765524,3.357866790528031,7.565610135358179
-3.3146373477528797,-3.149224276531465,0.9658802451476933
-4.840316948163022,-3.501006322581042,1.0817196053438487
1.8715837866978797,1.2591031125590701,4.571129762385844
2.4419390959234484,-5.505408960561669,0.047386345290672455
2.181632954572107,1.2656733374132487,6.032987458458893
-2.8576416646387583,3.6540517044489302,8.219806590609595
0.7612365763836881,1.046830007019937,5.624936508658641
0.9752268433665416,0.7097835915115946,6.101383296660819
1.6351787272500857,-1.0271297311104786,4.752850820982
-0.8020473712222775,-2.2835973860560634,2.676832604133605
2.67371864361143,4.897330710337093,7.967495527788389
-1.6788369969240586,-1.1745913080136583,7.7583613467850645
3.255914191169498,2.329426706366782,7.519335043347344
1.3598307841477075,2.0705833590590643,4.870644450854161
0.04422295042282172,1.6755837702560132,6.505778254570312
0.13176054472958967,5.296283981234374,9.27472543944397
0.5996907724719701,1.8677746248453178,6.319187675569483
1.136312657921099,-2.9620763922207622,1.5554722141045754
1.0545256661756721,2.0708590430453127,4.427164402395141
1.481577020133082,-0.6827379049632981,4.2173201834856755
2.9543460722139248,-5.327628738962121,-0.40570881707995504
1.9152803832263543,0.755705357902666,5.046968176859613
2.314289679157867,2.638370185280724,7.390058072186785
-0.1700449672762538,-0.5452504554776428,3.2463636452465043
-2.406943844603526,0.8221040014034411,4.019241700633883
3.584234364726819,2.0039524615628683,5.371877595923323
0.9610898293918677,-5.954255456072788,0.29574328250794313
0.9896601577565421,-3.708721115504536,3.569437101163766
2.476585866581428,3.900286266356151,8.458458487959087
-1.6220627767135447,3.319477864846258,8.90165816618404
-1.9145611742363158,3.3768984506040822,6.135957049254818
1.5403141819858803,5.364174244214341,9.741518406128472
2.4171439376151107,1.8687507261979,7.073198656506313
0.25551421384002765,3.1023396166886616,7.5416710621789145
-2.3554656990045753,-1.8277793219341214,8.266183383607375
2.3915007009016906,2.9409058056002024,7.979154958691822
-5.80106036516777,-1.693220601057255,0.2668698347493198
